id;redacteur;is_action_immediate;date_et_heure_creation;titre;description_action;description_reponse;delai;etat;pilote;date_et_heure_validation_pilote;porteur;date_et_heure_validation_porteur;hse;date_et_heure_validation_hse
1;FTP deposit;true;2021-08-09;Peso Incredible;panel d'Azur blue;Salad robust cyan;2021-08-09;Handcrafted;Sri Provence-Alpes-Côte Optional;2021-08-08;firewall a approach;2021-08-09;tan;2021-08-09
2;programming;true;2021-08-09;Card deposit Beauty;AGP Frozen;Cotton b;2021-08-09;Loan;Loan transmitting Plastic;2021-08-08;impactful orange;2021-08-09;THX;2021-08-08
3;Focused Saint-Denis overriding;false;2021-08-09;Oberkampf Chine;Grocery invoice;Directeur virtual;2021-08-09;Wooden leading;Beauty;2021-08-09;productize administration;2021-08-08;PCI;2021-08-08
4;Franche-Comté;false;2021-08-08;recontextualize Agent;a;Russie Grocery haptic;2021-08-09;HDD;Cheese plum;2021-08-08;Developpeur Rubber Frozen;2021-08-08;Account Coordinateur Account;2021-08-08
5;Nigeria Practical;false;2021-08-08;de auxiliary;orange Baby;card Renminbi Account;2021-08-08;des Sausages;CSS;2021-08-09;connecting;2021-08-09;mint Krone knowledge;2021-08-08
6;TCP;false;2021-08-09;Account;Bike Wooden;compress a Macédoine;2021-08-09;b;deposit;2021-08-08;Keyboard payment;2021-08-09;dynamic;2021-08-08
7;c b;false;2021-08-08;Nauru;Granite a;feed Architecte collaboration;2021-08-09;Shirt experiences;Cambridgeshire reintermediate product;2021-08-09;innovate;2021-08-08;functionalities parsing intranet;2021-08-09
8;b a bypass;true;2021-08-09;up indexing to;Corse c;Chips Beauty multi-byte;2021-08-08;de invoice;Pakistan bus magenta;2021-08-09;intranet Incredible matrix;2021-08-08;state;2021-08-09
9;c;false;2021-08-08;Auvergne Visionary array;b;c deposit;2021-08-09;ADP;Oberkampf AGP Berkshire;2021-08-08;Hat dynamic;2021-08-09;Licensed Chat-qui-Pêche Kazakhstan;2021-08-08
10;architecture;false;2021-08-08;web-readiness lime Poitou-Charentes;Unbranded Reverse-engineered;complexity bluetooth;2021-08-09;redundant;impactful front-end;2021-08-08;visualize Fantastic;2021-08-09;du payment;2021-08-08
