id;redacteur;date_de_creation;uap;date_et_heure_connaissance_at;prevenu_comment;nom_premiere_personne_prevenu;date_et_heure_prevenu;is_temoin;commentaire_temoin;is_tiers_en_cause;commentaire_tiers_en_cause;is_autre_victime;commentaire_autre_victime;is_rapport_de_police;commentaire_rapport_de_police;is_victime_transports;commentaire_victime_transporter;date_et_heure_moment_accident;lieu_accident;is_identifier_du;circonstance_accident;materiel_en_cause;remarques;pilote;date_et_heure_validation_pilote;porteur;date_et_heure_validation_porteur;hse;date_et_heure_validation_hse;is_intervention_8300;is_intervention_infirmiere;commentaire_infirmere;is_intervention_medecin;commentaire_medecin;is_interventionsecouriste;commentaire_secouriste;is_interventionsecouriste_exterieur;retour_au_poste_de_travail;travail_leger_possible;analyse_a_chaud_infirmiere;analyse_a_chaud_codir;analyse_a_chaud_hse;analyse_a_chaud_nplus_1;analyse_a_chaud_css_ct;analyse_a_chaud_commentaire;pourquoi_1;pourquoi_2;pourquoi_3;pourquoi_4;pourquoi_5;bras;chevilles;colonne;cou;coude;cos;epaule;genou;jambes;mains;oeil;pieds;poignet;tete;torse
1;quantify;2021-08-09;indexing Investment;2021-08-08;solid;Dinar hardware;2021-08-08;false;b haptic Midi-Pyrénées;false;Books Mouse Architecte;true;Digitized Garden;true;Guinée Fantastic oriental;true;interface state;2021-08-09;olive Seychelles;true;c Tuna;Chili;program;utilize a Avon;2021-08-08;SAS;2021-08-09;data-warehouse HDD;2021-08-08;false;true;Algérie;true;bleeding-edge;true;migration d'Assas;true;false;Sausages conglomeration Pound;true;true;true;false;true;Wooden Home turquoise;THX Awesome b;Rivoli;Saint-Honoré;dedicated;Generic;true;false;false;false;true;false;true;true;true;false;true;false;false;false;false
2;Refined generate Loan;2021-08-09;neural;2021-08-09;Pizza revolutionary Loan;Jewelery Picardie bandwidth;2021-08-08;false;infrastructures Steel;false;orchestrate coherent neural;true;directional auxiliary;true;cross-platform;true;Cotton;2021-08-08;Lettonie Rustic;true;Caribbean;redundant whiteboard;b metrics;c technologies Beauty;2021-08-09;generate;2021-08-09;firewall;2021-08-08;false;true;bluetooth;true;paradigms;false;collaborative;false;true;auxiliary navigate;false;true;true;false;false;Executif;invoice Money Small;digital;Awesome;Multi-tiered invoice Lorraine;Cross-platform Shoes markets;false;true;true;true;false;true;false;false;true;false;true;true;true;true;true
3;Fundamental calculating Concrete;2021-08-08;capability;2021-08-09;Handmade program Wooden;c;2021-08-09;true;circuit needs-based Concrete;false;Licensed Health;false;eco-centric Exclusive;true;users Picardie;false;Singapour Games models;2021-08-08;flexibility Buckinghamshire;false;Alsace;Integrated;Baby;ubiquitous;2021-08-08;alarm b Checking;2021-08-08;program input parse;2021-08-08;false;false;Fully-configurable;false;Hryvnia mint b;false;connect;true;false;Kina Enhanced;false;false;true;true;true;enterprise disintermediate Ergonomic;orange ivory;Public-key Auto;a;Towels;plum back-end;false;true;false;false;true;true;false;true;false;false;true;true;false;true;false
4;architect;2021-08-08;mint;2021-08-09;Convertible Enterprise-wide;Égypte overriding c;2021-08-08;true;Toys Shoes;true;HTTP Specialiste;true;Books improvement;true;indexing;true;Object-based transmit;2021-08-09;Frozen communities deposit;false;communities input haptic;magenta;la paradigms payment;c;2021-08-08;programming Auto JBOD;2021-08-08;Bedfordshire;2021-08-09;false;false;FTP invoice;true;Gorgeous Bedfordshire;true;copy;false;true;azure;false;false;false;false;true;Berkshire;Home Corse;back-end;Wooden;Buckinghamshire Bulgarian Money;optical Soft;true;true;true;false;true;true;false;false;false;true;true;false;true;false;true
5;modular Basse-Normandie quantifying;2021-08-08;visionary sexy Avon;2021-08-09;Integrated;deposit JSON Steel;2021-08-09;true;Salad a yellow;true;matrix Automotive a;false;Account Consultant;false;global c a;true;Integrated innovate Computers;2021-08-09;Wooden b;false;a Buckinghamshire c;pixel intuitive Dollar;blue;payment;2021-08-09;Provence-Alpes-Côte;2021-08-09;applications transmitter;2021-08-09;true;true;Soft;false;optical Sausages;false;Profound invoice;false;false;monitor concept Convertible;false;true;false;true;false;Outdoors c a;b deposit SCSI;Islande Small Generic;bypass;sexy compressing connect;up;true;true;true;true;true;false;false;true;false;true;false;false;false;true;false
6;Intelligent;2021-08-08;Handcrafted service-desk;2021-08-09;Fuerte infomediaries;Garden;2021-08-08;true;Electronics Account Multi-tiered;true;la b;true;Analyste Auvergne Chair;true;Car Open-source;false;evolve Saint-Christophe-et-Niévès Granite;2021-08-09;Loan initiative;true;Designer;Dauphine b;Keyboard a Card;Administrateur Fish Practical;2021-08-09;sky e-business Rial;2021-08-09;Toys;2021-08-09;true;false;B2B SSL portal;false;Account Electronics Sausages;true;de;false;false;architect;true;true;true;false;true;Shirt;Lettonie;bypassing scalable whiteboard;enterprise Danish Health;hacking navigate transparent;b deposit Boétie;true;true;true;true;true;true;true;false;false;false;false;true;true;true;true
7;Account Cotton;2021-08-09;static deposit quantifying;2021-08-08;Tuna;coherent multi-state Pula;2021-08-08;true;Shirt Jewelery Steel;true;circuit structure yellow;true;European;true;Account Personal 6th;true;c Krone HDD;2021-08-09;expedite 3rd;true;Games open-source;magenta;invoice c;Cambridgeshire;2021-08-08;Avon Wooden;2021-08-09;b;2021-08-09;true;false;Papouasie-Nouvelle-Guinée Fish HTTP;false;Account silver;true;Loire Avon;false;false;Executif;true;false;false;true;false;Baby;demand-driven;Re-contextualized;Fresh;Mouse red redundant;Sénégal online bricks-and-clicks;true;true;true;false;true;true;true;true;true;true;false;false;true;true;true
8;back-end a Car;2021-08-09;Toys copy;2021-08-09;Franche-Comté Bourgogne Concrete;de Pants;2021-08-09;true;Awesome;false;payment;true;quantify e-commerce;false;Configurable;true;a Avon;2021-08-08;magenta Concrete Tasty;false;communities application Auto;services;invoice Ruble;Wooden viral;2021-08-09;Agent;2021-08-08;generation architect bandwidth;2021-08-09;true;false;SMS b;false;invoice Bourgogne;true;quantifying Triple-buffered Down-sized;true;false;matrix;false;true;false;false;false;Berkshire Pants;Assistant Bretagne;red demand-driven la;Developpeur withdrawal Right-sized;la tan;Pérou indigo;false;true;false;true;false;true;false;true;false;false;true;true;true;true;false
9;24/365 Games Towels;2021-08-08;Personal info-mediaries;2021-08-08;Bulgarie;RSS;2021-08-08;false;cyan Angola;false;Alsace;false;Peso program Cross-platform;true;Consultant e-services;true;Steel Cedi;2021-08-08;calculate;true;Kwacha virtual;Car blue;Producteur ROI b;transparent;2021-08-09;Berkshire;2021-08-09;Saint-Jacques Pizza de;2021-08-09;false;true;Cheese Rubber;false;Manager;true;Computers Multi-tiered;false;false;c Aquitaine;true;false;true;true;true;Frozen;Steel base SQL;scalable Granite platforms;Franche-Comté b;a c Burundi;Île-de-France Business-focused robust;false;false;true;true;false;false;true;true;false;true;false;true;false;true;false
10;Specialiste;2021-08-09;index deposit;2021-08-08;Limousin d'Orsel;SAS array;2021-08-09;false;Zadkine;false;deposit circuit;true;Metal;false;AGP transmit withdrawal;false;capacitor Consultant;2021-08-09;Laffitte evolve;true;lime saoudite Fresh;a;generating visualize sky;Rustic;2021-08-08;synthesizing program;2021-08-08;Coordinateur;2021-08-08;true;false;CSS;false;Aquitaine hybrid plum;true;5th Rubber;false;true;payment;true;true;true;true;true;wireless;JSON;c;copying networks Directeur;IB Bretagne;turquoise interfaces;true;true;false;true;true;true;true;true;true;true;false;false;true;false;true
